mae,rmse,r2
4703010.984996702,7991903.708555644,0.8714840876693504
